startup_name,angellist_url
Sqoot,https://angel.co/sidewalk
Sqoot,https://angel.co/sqoot-2
Intercom,https://angel.co/intercom
Intercom,https://angel.co/popchatr-com
Intercom,https://angel.co/intercom-sta
Intercom,https://angel.co/grupo-intercom
Intercom,https://angel.co/intercom-io
Intercom,https://angel.co/intercom-group
Intercom,https://angel.co/intercommunications
Intercom,https://angel.co/intercomputer-communications-corporation
Intercom,https://angel.co/intercom-online-incorporated
Intercom,https://angel.co/intercomgi-srl
[crowd:rally],https://angel.co/healthrally
[crowd:rally],https://angel.co/local-lift
[crowd:rally],https://angel.co/fundourcommunity
[crowd:rally],https://angel.co/greater-good-labs
[crowd:rally],https://angel.co/tribesay
[crowd:rally],https://angel.co/rallyhero-1
[crowd:rally],https://angel.co/rally-a-mobile-event-experience-app
Volta,https://angel.co/volta-industries
Volta,https://angel.co/voltage-security
Volta,https://angel.co/voltage
Volta,https://angel.co/volta-labs
Volta,https://angel.co/voltaix
Volta,https://angel.co/voltaic-coatings
Volta,https://angel.co/voltagecrm
Volta,https://angel.co/voltaiq
Volta,https://angel.co/sol-voltaics
Volta,https://angel.co/voltafield
Tiny Review,https://angel.co/tiny-post
Tiny Review,https://angel.co/housetrip
Tiny Review,https://angel.co/flyplist
Hello World,https://angel.co/round-2
Hello World,https://angel.co/hello-old-world
Hello World,https://angel.co/mimoco
Hello World,https://angel.co/hellomd
Hello World,https://angel.co/startup-nomads
Hello World,https://angel.co/scarab-entertainment
Hello World,https://angel.co/augo
Hello World,https://angel.co/musicverb
Hello World,https://angel.co/video-tape-productions
Hello World,https://angel.co/blusphere
OneSchool,https://angel.co/droplearn
OneSchool,https://angel.co/oneschool-1
storytree,https://angel.co/simpleprints
storytree,https://angel.co/storytree-1
Ovia,https://angel.co/wepow
Ovia,https://angel.co/oviapplications
Ovia,https://angel.co/ovianet
Roam & Wander,https://angel.co/roam-wander-1
Roam & Wander,https://angel.co/roamware
Roam & Wander,https://angel.co/roamer
Roam & Wander,https://angel.co/roam-data
Roam & Wander,https://angel.co/roammeo
Roam & Wander,https://angel.co/roamadu-consulting
Roam & Wander,https://angel.co/roambotics
Roam & Wander,https://angel.co/roam-wander
Roam & Wander,https://angel.co/roam7
Roam & Wander,https://angel.co/when-in-roam
Sidelines,https://angel.co/sidelines
Sidelines,https://angel.co/sidelines-news
Sidelines,https://angel.co/wayla
Sidelines,https://angel.co/wroblewski-aircraft
Sidelines,https://angel.co/social-driver-2
Teaman & Company,https://angel.co/teaman-company
Teaman & Company,https://angel.co/sharon-teaman-design-co
BTCjam,https://angel.co/btcjam
BTCjam,https://angel.co/bitcoin-opportunity-corp
VenueSpot,https://angel.co/venuespot
VenueSpot,https://angel.co/other-venuespot-investors
Bounty Hunter,https://angel.co/bountyhunter
Bounty Hunter,https://angel.co/ker-chunk-games
Bounty Hunter,https://angel.co/gentledroid
Bounty Hunter,https://angel.co/survivors-society-of-america
KangaDo,https://angel.co/kangado
KangaDo,https://angel.co/kangadoo
Builk,https://angel.co/builk
Builk,https://angel.co/quests
Pop Up Archive,https://angel.co/pop-up-archive
Pop Up Archive,https://angel.co/voycee
Goods,https://angel.co/goodsie
Goods,https://angel.co/shortcut
Goods,https://angel.co/given-goods-co
Goods,https://angel.co/goodstori
Goods,https://angel.co/goodseed-burger
Goods,https://angel.co/goodsearch
Goods,https://angel.co/deindeal-goodshine-ag
Goods,https://angel.co/alembic-goods
Goods,https://angel.co/the-brooklyn-bakery-leather-goods
Goods,https://angel.co/goodsmaster
Vessel,https://angel.co/vessel
Vessel,https://angel.co/vessel-san-francisco
Vessel,https://angel.co/vesselvanguard
Vessel,https://angel.co/life-vessel-nyc-advanced-wellness-center
Vessel,https://angel.co/vessel-clothing
Vessel,https://angel.co/vessel-vanguard
Vessel,https://angel.co/vesselsvalue
Vessel,https://angel.co/idea-vessel
Vessel,https://angel.co/agile-devices
DOZ,https://angel.co/doz
DOZ,https://angel.co/deal-dozen
DOZ,https://angel.co/rotten-dozens
DOZ,https://angel.co/dozoco
DOZ,https://angel.co/dozmo
DOZ,https://angel.co/dozentenscout-de
DOZ,https://angel.co/z-and-half-a-dozen-others
DOZ,https://angel.co/dozor
DOZ,https://angel.co/a-dozen-trees
DOZ,https://angel.co/six-half-dozen
Doorman,https://angel.co/doorman-1
Doorman,https://angel.co/doorman-property-management
Doorman,https://angel.co/doorman
Doorman,https://angel.co/the-clean-cube
Remark,https://angel.co/remark
Remark,https://angel.co/teller-1
Remark,https://angel.co/remarkable-hire
Remark,https://angel.co/gh-remarketing
Remark,https://angel.co/remarkz
Remark,https://angel.co/smarter-remarketer
Remark,https://angel.co/remark-media-inc
Remark,https://angel.co/the-remarkables
Remark,https://angel.co/automotive-remarketing-foundation
Remark,https://angel.co/remark-1
AbbeyPost,https://angel.co/abbeypost
AbbeyPost,https://angel.co/645-ventures
Bonafide,https://angel.co/bonafide
Bonafide,https://angel.co/bonafide-binky
Bonafide,https://angel.co/bonafide-productions
Stitch,https://angel.co/stitcher
Stitch,https://angel.co/stitcher-deleted
Stitch,https://angel.co/stitch-labs
Stitch,https://angel.co/stitch
Stitch,https://angel.co/tapestry-5
Stitch,https://angel.co/stitch-es
Stitch,https://angel.co/stitch-md
Stitch,https://angel.co/stitchd-live
Stitch,https://angel.co/stitch-56
Stitch,https://angel.co/mr-stitches-inc
Sales Beach,https://angel.co/sales-beach
Sales Beach,https://angel.co/hyperwear
Sales Beach,https://angel.co/sparkle-fashion
Sales Beach,https://angel.co/trufl
Sales Beach,https://angel.co/diseclar
Grata,https://angel.co/grata
Grata,https://angel.co/gratafy
Grata,https://angel.co/grataware-llc
Survmetrics,https://angel.co/survmetrics
Survmetrics,https://angel.co/innventu
Friend Trusted,https://angel.co/friend-trusted
Friend Trusted,https://angel.co/gogobot
Friend Trusted,https://angel.co/urbansitter
Friend Trusted,https://angel.co/trusper
Friend Trusted,https://angel.co/stik
Friend Trusted,https://angel.co/wodache
Friend Trusted,https://angel.co/coolschool
Friend Trusted,https://angel.co/jigglist
Friend Trusted,https://angel.co/kangado
Unwind Me,https://angel.co/unwind-me
Unwind Me,https://angel.co/human-innovations-llc
Unwind Me,https://angel.co/ruins-of-the-renaissance
Unwind Me,https://angel.co/catfe
RealtyShares,https://angel.co/realtyshares
RealtyShares,https://angel.co/publicworx-2
Buzzstarter,https://angel.co/buzzstarter
Buzzstarter,https://angel.co/fandrop
Buzzstarter,https://angel.co/buzzstarter-3
Buzzstarter,https://angel.co/svg-syndicate
Share Some Style,https://angel.co/share-some-style
Share Some Style,https://angel.co/figr-1
Share Some Style,https://angel.co/rotor-1
Share Some Style,https://angel.co/nexttoher
Share Some Style,https://angel.co/walk-in-my-closet-llc
Share Some Style,https://angel.co/bitlendingclub
Share Some Style,https://angel.co/bravery-1
Share Some Style,https://angel.co/napk-in
Share Some Style,https://angel.co/anubii
Share Some Style,https://angel.co/style-blox-inc
Quest,https://angel.co/quest-venture-partners
Quest,https://angel.co/quest
Quest,https://angel.co/questvc
Quest,https://angel.co/questli
Quest,https://angel.co/quest-to
Quest,https://angel.co/questful
Quest,https://angel.co/quegal-a-question-of-legal
Quest,https://angel.co/questrade
Quest,https://angel.co/questicker
Quest,https://angel.co/quest-software
Populr,https://angel.co/populr-me
Populr,https://angel.co/populr
Populr,https://angel.co/xcuse-me-doctor
WishPlz,https://angel.co/wishplz
WishPlz,https://angel.co/svg-syndicate
